agent_id,org_id,call_date,login_time
A001,O1,2025-04-28,11:58
A002,O1,2025-04-28,10:05
A003,O1,2025-04-28,10:24
A004,O3,2025-04-28,8:13
A005,O3,2025-04-28,
A006,O1,2025-04-28,11:29
A007,O1,2025-04-28,8:36
A008,O1,2025-04-28,9:31
A009,O3,2025-04-28,11:46
A010,O3,2025-04-28,11:11
A011,O1,2025-04-28,11:08
A012,O3,2025-04-28,
A013,O1,2025-04-28,10:01
A014,O3,2025-04-28,11:05
A015,O2,2025-04-28,8:05
A016,O1,2025-04-28,9:05
A017,O2,2025-04-28,8:57
A018,O1,2025-04-28,
A019,O1,2025-04-28,11:43
A020,O2,2025-04-28,9:50
