call_id,agent_id,org_id,installment_id,status,duration,created_ts,call_date
C5333,A020,O2,L1826,completed,5.68,2025-04-28T15:40:00,2025-04-28
C3045,A018,O1,L1996,no_answer,14.27,2025-04-28T02:41:00,2025-04-28
C5803,A018,O1,L1849,failed,11.01,2025-04-28T19:42:00,2025-04-28
C2139,A007,O1,L1046,connected,9.02,2025-04-28T09:52:00,2025-04-28
C4814,A003,O1,L1887,completed,2.42,2025-04-28T12:58:00,2025-04-28
C8428,A009,O3,L1650,failed,2.42,2025-04-28T05:33:00,2025-04-28
C6820,A012,O3,L1214,failed,0.97,2025-04-28T23:57:00,2025-04-28
C3803,A003,O1,L1546,connected,13.01,2025-04-28T05:34:00,2025-04-28
C7216,A015,O2,L1276,connected,9.06,2025-04-28T23:22:00,2025-04-28
C1916,A011,O1,L1234,completed,10.65,2025-04-28T10:46:00,2025-04-28
C5386,A013,O1,L1067,connected,0.41,2025-04-28T19:21:00,2025-04-28
C4483,A011,O1,L1671,no_answer,14.55,2025-04-28T13:30:00,2025-04-28
C3340,A015,O2,L1271,connected,12.5,2025-04-28T08:25:00,2025-04-28
C9830,A018,O1,L1269,no_answer,3.26,2025-04-28T19:55:00,2025-04-28
C6930,A013,O1,L1224,connected,2.81,2025-04-28T17:23:00,2025-04-28
C2489,A016,O1,L1773,completed,2.83,2025-04-28T03:44:00,2025-04-28
C3621,A005,O3,L1811,no_answer,4.63,2025-04-28T20:21:00,2025-04-28
C7304,A003,O1,L1390,no_answer,7.92,2025-04-28T18:03:00,2025-04-28
C1188,A009,O3,L1696,completed,6.54,2025-04-28T23:16:00,2025-04-28
C5371,A018,O1,L1787,failed,4.44,2025-04-28T03:48:00,2025-04-28
C8123,A010,O3,L1161,no_answer,9.22,2025-04-28T00:06:00,2025-04-28
C9201,A009,O3,L1780,connected,2.18,2025-04-28T17:19:00,2025-04-28
C5889,A004,O3,L1861,connected,4.45,2025-04-28T05:13:00,2025-04-28
C3646,A012,O3,L1552,completed,5.56,2025-04-28T20:26:00,2025-04-28
C9005,A011,O1,L1019,completed,6.9,2025-04-28T12:23:00,2025-04-28
C4923,A010,O3,L1059,connected,11.8,2025-04-28T19:21:00,2025-04-28
C2403,A003,O1,L1749,no_answer,3.08,2025-04-28T02:21:00,2025-04-28
C3060,A018,O1,L1131,no_answer,7.76,2025-04-28T18:45:00,2025-04-28
C5342,A006,O1,L1540,no_answer,8.93,2025-04-28T07:13:00,2025-04-28
C4295,A018,O1,L1730,failed,0.79,2025-04-28T13:37:00,2025-04-28
C8177,A012,O3,L1921,no_answer,9.15,2025-04-28T04:07:00,2025-04-28
C4681,A008,O1,L1065,failed,2.64,2025-04-28T00:43:00,2025-04-28
C4770,A019,O1,L1602,connected,1.07,2025-04-28T00:14:00,2025-04-28
C1964,A003,O1,L1234,completed,14.24,2025-04-28T01:04:00,2025-04-28
C2160,A011,O1,L1526,connected,14.49,2025-04-28T09:30:00,2025-04-28
C4510,A016,O1,L1552,connected,12.15,2025-04-28T19:29:00,2025-04-28
C8744,A019,O1,L1248,no_answer,4.64,2025-04-28T13:53:00,2025-04-28
C2545,A007,O1,L1099,no_answer,1.56,2025-04-28T12:05:00,2025-04-28
C7735,A014,O3,L1478,completed,10.3,2025-04-28T22:59:00,2025-04-28
C1993,A004,O3,L1412,failed,6.66,2025-04-28T03:43:00,2025-04-28
C4139,A008,O1,L1194,no_answer,1.92,2025-04-28T04:47:00,2025-04-28
C4006,A014,O3,L1285,no_answer,7.48,2025-04-28T08:31:00,2025-04-28
C8260,A003,O1,L1827,completed,0.61,2025-04-28T01:43:00,2025-04-28
C1241,A018,O1,L1992,completed,13.65,2025-04-28T08:04:00,2025-04-28
C7658,A006,O1,L1497,no_answer,3.96,2025-04-28T07:17:00,2025-04-28
C1960,A013,O1,L1168,no_answer,9.97,2025-04-28T00:04:00,2025-04-28
C5345,A013,O1,L1948,no_answer,4.74,2025-04-28T09:44:00,2025-04-28
C8973,A014,O3,L1158,connected,7.85,2025-04-28T10:07:00,2025-04-28
C1958,A007,O1,L1593,completed,8.25,2025-04-28T10:42:00,2025-04-28
C1821,A002,O1,L1598,no_answer,2.85,2025-04-28T17:09:00,2025-04-28
C3579,A017,O2,L1058,completed,14.55,2025-04-28T06:20:00,2025-04-28
C2113,A003,O1,L1691,connected,11.65,2025-04-28T13:46:00,2025-04-28
C5033,A004,O3,L1592,completed,14.1,2025-04-28T21:08:00,2025-04-28
C7868,A003,O1,L1673,failed,13.43,2025-04-28T08:54:00,2025-04-28
C6147,A007,O1,L1244,failed,9.01,2025-04-28T13:30:00,2025-04-28
C5915,A005,O3,L1468,failed,13.84,2025-04-28T02:28:00,2025-04-28
C8508,A001,O1,L1636,completed,1.42,2025-04-28T02:30:00,2025-04-28
C4492,A018,O1,L1518,failed,3.02,2025-04-28T04:31:00,2025-04-28
C2127,A012,O3,L1900,connected,0.77,2025-04-28T12:36:00,2025-04-28
C3584,A010,O3,L1448,failed,4.95,2025-04-28T20:52:00,2025-04-28
C1128,A017,O2,L1683,failed,5.89,2025-04-28T22:38:00,2025-04-28
C3200,A004,O3,L1270,completed,4.14,2025-04-28T03:39:00,2025-04-28
C3546,A018,O1,L1278,failed,12.45,2025-04-28T20:38:00,2025-04-28
C6617,A007,O1,L1208,failed,5.42,2025-04-28T17:15:00,2025-04-28
C5114,A016,O1,L1927,completed,4.29,2025-04-28T03:09:00,2025-04-28
C5533,A014,O3,L1045,completed,8.19,2025-04-28T11:23:00,2025-04-28
C5291,A005,O3,L1165,no_answer,2.2,2025-04-28T18:49:00,2025-04-28
C1158,A014,O3,L1114,completed,12.05,2025-04-28T23:35:00,2025-04-28
C9938,A005,O3,L1036,failed,1.21,2025-04-28T19:52:00,2025-04-28
C3426,A018,O1,L1440,connected,14.8,2025-04-28T01:25:00,2025-04-28
C6974,A010,O3,L1920,completed,11.61,2025-04-28T12:12:00,2025-04-28
C5088,A007,O1,L1682,completed,3.06,2025-04-28T12:04:00,2025-04-28
C7658,A018,O1,L1997,connected,0.18,2025-04-28T08:04:00,2025-04-28
C3900,A006,O1,L1902,no_answer,12.25,2025-04-28T00:50:00,2025-04-28
C6442,A006,O1,L1801,no_answer,10.63,2025-04-28T22:51:00,2025-04-28
C5371,A008,O1,L1163,completed,10.96,2025-04-28T13:03:00,2025-04-28
C8711,A002,O1,L1227,connected,11.59,2025-04-28T15:42:00,2025-04-28
C6000,A012,O3,L1840,connected,1.2,2025-04-28T07:36:00,2025-04-28
C4164,A001,O1,L1408,failed,5.44,2025-04-28T09:30:00,2025-04-28
C5573,A003,O1,L1359,no_answer,1.83,2025-04-28T23:11:00,2025-04-28
C6425,A018,O1,L1961,completed,12.96,2025-04-28T03:56:00,2025-04-28
C3925,A009,O3,L1594,failed,9.39,2025-04-28T01:18:00,2025-04-28
C8119,A004,O3,L1353,failed,5.03,2025-04-28T14:53:00,2025-04-28
C9379,A020,O2,L1118,no_answer,1.05,2025-04-28T19:40:00,2025-04-28
C5173,A007,O1,L1045,no_answer,4.73,2025-04-28T00:03:00,2025-04-28
C9821,A017,O2,L1703,connected,4.95,2025-04-28T12:25:00,2025-04-28
C2146,A014,O3,L1971,failed,10.97,2025-04-28T21:16:00,2025-04-28
C3041,A011,O1,L1737,failed,9.6,2025-04-28T17:18:00,2025-04-28
C7691,A010,O3,L1334,no_answer,13.32,2025-04-28T23:47:00,2025-04-28
C3085,A010,O3,L1196,no_answer,7.14,2025-04-28T22:41:00,2025-04-28
C3851,A013,O1,L1630,failed,1.88,2025-04-28T13:51:00,2025-04-28
C1006,A018,O1,L1311,failed,10.73,2025-04-28T07:10:00,2025-04-28
C6279,A014,O3,L1476,no_answer,11.44,2025-04-28T15:05:00,2025-04-28
C9375,A007,O1,L1484,connected,8.46,2025-04-28T22:29:00,2025-04-28
C5649,A003,O1,L1527,failed,11.59,2025-04-28T03:11:00,2025-04-28
C6085,A008,O1,L1230,connected,7.46,2025-04-28T05:01:00,2025-04-28
C1757,A001,O1,L1250,no_answer,7.89,2025-04-28T20:51:00,2025-04-28
C8461,A003,O1,L1424,connected,6.47,2025-04-28T23:46:00,2025-04-28
C9099,A013,O1,L1409,connected,0.48,2025-04-28T05:02:00,2025-04-28
C2746,A001,O1,L1797,no_answer,1.71,2025-04-28T07:28:00,2025-04-28
C9486,A006,O1,L1475,completed,0.57,2025-04-28T19:01:00,2025-04-28
C2988,A008,O1,L1467,connected,9.58,2025-04-28T15:51:00,2025-04-28
C6198,A017,O2,L1972,no_answer,4.78,2025-04-28T20:54:00,2025-04-28
C7991,A017,O2,L1850,no_answer,7.68,2025-04-28T05:25:00,2025-04-28
C8373,A016,O1,L1265,connected,13.62,2025-04-28T21:45:00,2025-04-28
C9540,A009,O3,L1496,connected,3.81,2025-04-28T09:22:00,2025-04-28
C2269,A015,O2,L1730,failed,6.21,2025-04-28T08:00:00,2025-04-28
C6502,A009,O3,L1327,completed,11.36,2025-04-28T04:43:00,2025-04-28
C4788,A005,O3,L1392,connected,3.51,2025-04-28T07:18:00,2025-04-28
C7797,A003,O1,L1417,failed,1.25,2025-04-28T18:31:00,2025-04-28
C7812,A015,O2,L1063,connected,4.42,2025-04-28T14:20:00,2025-04-28
C1320,A013,O1,L1877,no_answer,2.5,2025-04-28T16:16:00,2025-04-28
C6763,A001,O1,L1305,no_answer,13.95,2025-04-28T14:18:00,2025-04-28
C9947,A018,O1,L1819,connected,12.14,2025-04-28T16:39:00,2025-04-28
C5471,A008,O1,L1446,no_answer,9.54,2025-04-28T00:59:00,2025-04-28
C6507,A013,O1,L1684,no_answer,13.08,2025-04-28T05:38:00,2025-04-28
C3091,A015,O2,L1637,completed,12.07,2025-04-28T13:26:00,2025-04-28
C1444,A019,O1,L1085,no_answer,2.88,2025-04-28T04:37:00,2025-04-28
C3977,A015,O2,L1051,failed,13.4,2025-04-28T12:56:00,2025-04-28
C4467,A011,O1,L1465,failed,8.14,2025-04-28T11:31:00,2025-04-28
C5558,A013,O1,L1770,no_answer,12.13,2025-04-28T08:36:00,2025-04-28
C8705,A003,O1,L1019,completed,13.45,2025-04-28T11:56:00,2025-04-28
C2124,A008,O1,L1799,completed,4.84,2025-04-28T01:03:00,2025-04-28
C4266,A008,O1,L1859,completed,1.74,2025-04-28T21:12:00,2025-04-28
C4908,A005,O3,L1129,no_answer,3.5,2025-04-28T22:51:00,2025-04-28
C4571,A004,O3,L1476,failed,6.46,2025-04-28T12:35:00,2025-04-28
C2876,A006,O1,L1796,connected,12.29,2025-04-28T10:37:00,2025-04-28
C1420,A004,O3,L1951,failed,12.92,2025-04-28T19:39:00,2025-04-28
C7498,A013,O1,L1964,connected,0.2,2025-04-28T02:35:00,2025-04-28
C4978,A019,O1,L1104,failed,7.71,2025-04-28T23:21:00,2025-04-28
C2983,A020,O2,L1815,completed,6.32,2025-04-28T11:51:00,2025-04-28
C8018,A018,O1,L1677,failed,3.41,2025-04-28T02:21:00,2025-04-28
C6590,A017,O2,L1012,no_answer,1.89,2025-04-28T16:43:00,2025-04-28
C8102,A004,O3,L1983,failed,5.13,2025-04-28T21:41:00,2025-04-28
C3506,A015,O2,L1445,connected,14.15,2025-04-28T17:48:00,2025-04-28
C9817,A009,O3,L1793,no_answer,4.92,2025-04-28T15:52:00,2025-04-28
C5397,A014,O3,L1330,connected,7.83,2025-04-28T02:57:00,2025-04-28
C8385,A009,O3,L1249,no_answer,10.57,2025-04-28T19:27:00,2025-04-28
C7209,A020,O2,L1344,completed,5.52,2025-04-28T16:52:00,2025-04-28
C3979,A011,O1,L1499,connected,14.58,2025-04-28T12:06:00,2025-04-28
C6576,A009,O3,L1286,failed,14.44,2025-04-28T18:58:00,2025-04-28
C9464,A001,O1,L1970,connected,3.85,2025-04-28T02:55:00,2025-04-28
C7658,A008,O1,L1500,connected,7.51,2025-04-28T23:34:00,2025-04-28
C9041,A016,O1,L1458,completed,4.58,2025-04-28T03:10:00,2025-04-28
C4630,A010,O3,L1414,connected,4.34,2025-04-28T10:27:00,2025-04-28
C7046,A019,O1,L1484,failed,0.65,2025-04-28T14:31:00,2025-04-28
C6419,A018,O1,L1360,no_answer,9.18,2025-04-28T09:14:00,2025-04-28
C5118,A010,O3,L1236,completed,7.59,2025-04-28T06:34:00,2025-04-28
C2958,A011,O1,L1760,connected,0.87,2025-04-28T06:32:00,2025-04-28
C8933,A007,O1,L1283,failed,4.25,2025-04-28T03:25:00,2025-04-28
C5853,A007,O1,L1232,failed,13.63,2025-04-28T06:07:00,2025-04-28
C1231,A010,O3,L1725,connected,3.67,2025-04-28T09:21:00,2025-04-28
C1893,A002,O1,L1566,failed,2.26,2025-04-28T23:48:00,2025-04-28
C9042,A005,O3,L1105,completed,7.39,2025-04-28T19:35:00,2025-04-28
C8690,A010,O3,L1490,no_answer,14.79,2025-04-28T11:37:00,2025-04-28
C1841,A006,O1,L1258,no_answer,3.71,2025-04-28T03:53:00,2025-04-28
C7565,A003,O1,L1503,completed,10.11,2025-04-28T19:41:00,2025-04-28
C3485,A002,O1,L1152,failed,11.45,2025-04-28T02:54:00,2025-04-28
C2940,A008,O1,L1571,no_answer,3.64,2025-04-28T20:41:00,2025-04-28
C4697,A020,O2,L1794,no_answer,10.95,2025-04-28T15:22:00,2025-04-28
C5871,A015,O2,L1880,no_answer,5.58,2025-04-28T10:25:00,2025-04-28
C1986,A019,O1,L1624,completed,9.52,2025-04-28T07:05:00,2025-04-28
C5335,A007,O1,L1676,completed,9.54,2025-04-28T05:21:00,2025-04-28
C3847,A008,O1,L1565,completed,8.08,2025-04-28T05:20:00,2025-04-28
C7693,A001,O1,L1461,no_answer,1.45,2025-04-28T09:56:00,2025-04-28
C4792,A002,O1,L1295,failed,12.55,2025-04-28T23:59:00,2025-04-28
C2166,A015,O2,L1703,connected,4.88,2025-04-28T09:01:00,2025-04-28
C4241,A019,O1,L1435,completed,2.88,2025-04-28T18:35:00,2025-04-28
C3441,A008,O1,L1930,failed,0.71,2025-04-28T04:51:00,2025-04-28
C1977,A003,O1,L1169,failed,8.9,2025-04-28T20:18:00,2025-04-28
C5728,A019,O1,L1449,completed,10.2,2025-04-28T15:59:00,2025-04-28
C7594,A010,O3,L1965,failed,0.35,2025-04-28T17:04:00,2025-04-28
C9090,A018,O1,L1448,completed,7.73,2025-04-28T20:24:00,2025-04-28
C8078,A002,O1,L1752,failed,3.47,2025-04-28T20:36:00,2025-04-28
C1423,A009,O3,L1093,connected,9.71,2025-04-28T23:00:00,2025-04-28
C1339,A019,O1,L1783,failed,2.7,2025-04-28T19:40:00,2025-04-28
C3870,A002,O1,L1481,no_answer,10.39,2025-04-28T09:29:00,2025-04-28
C8141,A006,O1,L1650,no_answer,5.86,2025-04-28T03:06:00,2025-04-28
C6700,A016,O1,L1418,failed,14.06,2025-04-28T10:57:00,2025-04-28
C3634,A004,O3,L1337,no_answer,2.15,2025-04-28T23:40:00,2025-04-28
C5722,A016,O1,L1678,no_answer,5.18,2025-04-28T18:46:00,2025-04-28
C8451,A002,O1,L1090,failed,1.79,2025-04-28T08:36:00,2025-04-28
C2899,A011,O1,L1993,no_answer,13.88,2025-04-28T17:33:00,2025-04-28
C9889,A001,O1,L1473,no_answer,13.17,2025-04-28T01:51:00,2025-04-28
C9494,A007,O1,L1370,no_answer,3.94,2025-04-28T21:20:00,2025-04-28
C1845,A015,O2,L1208,failed,9.93,2025-04-28T18:44:00,2025-04-28
C5719,A005,O3,L1448,no_answer,12.28,2025-04-28T04:08:00,2025-04-28
C4920,A001,O1,L1726,connected,8.37,2025-04-28T10:36:00,2025-04-28
C1224,A018,O1,L1565,no_answer,7.99,2025-04-28T03:10:00,2025-04-28
C2858,A008,O1,L1472,completed,3.7,2025-04-28T22:06:00,2025-04-28
C9165,A005,O3,L1955,failed,1.49,2025-04-28T17:22:00,2025-04-28
C7807,A009,O3,L1854,no_answer,13.47,2025-04-28T16:07:00,2025-04-28
C8483,A008,O1,L1564,connected,13.52,2025-04-28T13:05:00,2025-04-28
C9327,A007,O1,L1764,connected,9.53,2025-04-28T02:22:00,2025-04-28
C7798,A009,O3,L1348,failed,5.15,2025-04-28T00:05:00,2025-04-28
C5891,A010,O3,L1857,no_answer,5.3,2025-04-28T05:04:00,2025-04-28
C9824,A015,O2,L1495,failed,10.92,2025-04-28T11:20:00,2025-04-28
C9903,A018,O1,L1386,no_answer,13.47,2025-04-28T10:59:00,2025-04-28
C4912,A007,O1,L1585,no_answer,13.32,2025-04-28T07:58:00,2025-04-28
C1715,A014,O3,L1325,no_answer,11.72,2025-04-28T13:00:00,2025-04-28
C3492,A013,O1,L1507,completed,9.67,2025-04-28T04:18:00,2025-04-28
C6439,A017,O2,L1890,completed,1.35,2025-04-28T15:01:00,2025-04-28
C9617,A004,O3,L1932,no_answer,2.51,2025-04-28T00:31:00,2025-04-28
C7717,A005,O3,L1891,connected,13.49,2025-04-28T02:33:00,2025-04-28
C5342,A016,O1,L1346,no_answer,9.14,2025-04-28T22:10:00,2025-04-28
C6383,A003,O1,L1872,no_answer,0.24,2025-04-28T10:48:00,2025-04-28
C9864,A016,O1,L1036,completed,1.61,2025-04-28T08:00:00,2025-04-28
C4727,A010,O3,L1764,completed,9.99,2025-04-28T14:48:00,2025-04-28
C2646,A004,O3,L1454,connected,0.18,2025-04-28T23:41:00,2025-04-28
C1474,A010,O3,L1047,failed,2.5,2025-04-28T01:54:00,2025-04-28
C6873,A010,O3,L1383,no_answer,8.28,2025-04-28T04:58:00,2025-04-28
C9702,A008,O1,L1421,connected,10.41,2025-04-28T05:48:00,2025-04-28
C2293,A006,O1,L1624,no_answer,9.81,2025-04-28T21:09:00,2025-04-28
C9153,A008,O1,L1934,connected,3.44,2025-04-28T07:55:00,2025-04-28
C5161,A015,O2,L1470,failed,10.71,2025-04-28T22:45:00,2025-04-28
C8622,A001,O1,L1922,failed,3.64,2025-04-28T23:07:00,2025-04-28
C3588,A018,O1,L1075,no_answer,4.95,2025-04-28T11:47:00,2025-04-28
C5901,A019,O1,L1654,no_answer,11.22,2025-04-28T23:33:00,2025-04-28
C8484,A009,O3,L1865,failed,9.78,2025-04-28T06:47:00,2025-04-28
C8916,A013,O1,L1109,connected,12.75,2025-04-28T13:01:00,2025-04-28
C6881,A019,O1,L1588,failed,9.9,2025-04-28T23:52:00,2025-04-28
C1359,A010,O3,L1849,no_answer,8.57,2025-04-28T09:22:00,2025-04-28
C1803,A001,O1,L1932,no_answer,1.5,2025-04-28T09:46:00,2025-04-28
C6772,A008,O1,L1224,connected,5.58,2025-04-28T21:11:00,2025-04-28
C3240,A009,O3,L1643,completed,4.05,2025-04-28T21:25:00,2025-04-28
C6061,A002,O1,L1807,no_answer,3.74,2025-04-28T01:08:00,2025-04-28
C6977,A019,O1,L1749,connected,14.6,2025-04-28T03:04:00,2025-04-28
C6352,A010,O3,L1765,no_answer,5.96,2025-04-28T05:59:00,2025-04-28
C3165,A007,O1,L1805,failed,13.39,2025-04-28T18:07:00,2025-04-28
C5465,A017,O2,L1850,connected,9.5,2025-04-28T08:46:00,2025-04-28
C5835,A016,O1,L1764,failed,11.94,2025-04-28T03:55:00,2025-04-28
C2233,A015,O2,L1144,connected,7.59,2025-04-28T23:05:00,2025-04-28
C6992,A013,O1,L1092,no_answer,8.7,2025-04-28T00:28:00,2025-04-28
C9791,A009,O3,L1126,no_answer,7.44,2025-04-28T12:34:00,2025-04-28
C7242,A009,O3,L1842,failed,3.01,2025-04-28T03:41:00,2025-04-28
C8724,A008,O1,L1025,failed,10.86,2025-04-28T20:49:00,2025-04-28
C2035,A008,O1,L1650,no_answer,4.28,2025-04-28T23:55:00,2025-04-28
C7689,A010,O3,L1119,connected,0.46,2025-04-28T01:32:00,2025-04-28
C5986,A002,O1,L1504,completed,9.72,2025-04-28T03:19:00,2025-04-28
C9807,A008,O1,L1138,no_answer,2.74,2025-04-28T15:29:00,2025-04-28
C9850,A012,O3,L1429,connected,14.11,2025-04-28T14:09:00,2025-04-28
C9017,A004,O3,L1630,no_answer,14.31,2025-04-28T09:32:00,2025-04-28
C7070,A002,O1,L1222,no_answer,13.73,2025-04-28T15:10:00,2025-04-28
C6942,A008,O1,L1101,failed,5.62,2025-04-28T18:35:00,2025-04-28
C1992,A012,O3,L1407,failed,0.33,2025-04-28T06:28:00,2025-04-28
C8450,A004,O3,L1093,connected,13.93,2025-04-28T21:54:00,2025-04-28
C1349,A020,O2,L1051,failed,6.48,2025-04-28T08:18:00,2025-04-28
C4362,A005,O3,L1070,connected,14.5,2025-04-28T20:00:00,2025-04-28
C4817,A007,O1,L1336,connected,14.46,2025-04-28T20:20:00,2025-04-28
C5542,A001,O1,L1879,connected,12.81,2025-04-28T04:26:00,2025-04-28
C5106,A018,O1,L1817,connected,4.49,2025-04-28T03:45:00,2025-04-28
C3159,A001,O1,L1015,failed,5.84,2025-04-28T08:07:00,2025-04-28
C6304,A019,O1,L1016,connected,12.78,2025-04-28T09:03:00,2025-04-28
C3076,A002,O1,L1759,no_answer,4.82,2025-04-28T17:57:00,2025-04-28
C2041,A004,O3,L1487,no_answer,2.63,2025-04-28T12:21:00,2025-04-28
C2786,A017,O2,L1462,connected,8.4,2025-04-28T20:59:00,2025-04-28
C9543,A002,O1,L1308,no_answer,14.05,2025-04-28T21:57:00,2025-04-28
C1996,A001,O1,L1490,no_answer,10.47,2025-04-28T14:33:00,2025-04-28
C9032,A004,O3,L1729,no_answer,8.59,2025-04-28T02:30:00,2025-04-28
C6277,A003,O1,L1622,connected,1.55,2025-04-28T02:14:00,2025-04-28
C5505,A005,O3,L1639,failed,9.26,2025-04-28T13:00:00,2025-04-28
C9692,A020,O2,L1301,no_answer,14.85,2025-04-28T17:15:00,2025-04-28
C8048,A020,O2,L1101,completed,2.19,2025-04-28T22:20:00,2025-04-28
C4522,A018,O1,L1440,no_answer,7.82,2025-04-28T07:47:00,2025-04-28
C6553,A014,O3,L1847,no_answer,13.17,2025-04-28T13:36:00,2025-04-28
C2557,A014,O3,L1320,no_answer,11.14,2025-04-28T10:40:00,2025-04-28
C7132,A009,O3,L1976,connected,10.49,2025-04-28T23:26:00,2025-04-28
C2099,A016,O1,L1093,completed,10.57,2025-04-28T03:10:00,2025-04-28
C2582,A014,O3,L1762,failed,5.46,2025-04-28T04:26:00,2025-04-28
C1982,A018,O1,L1600,failed,4.47,2025-04-28T22:52:00,2025-04-28
C7730,A004,O3,L1362,no_answer,12.16,2025-04-28T01:45:00,2025-04-28
C6119,A010,O3,L1360,completed,12.17,2025-04-28T19:43:00,2025-04-28
C4485,A017,O2,L1158,no_answer,13.02,2025-04-28T07:39:00,2025-04-28
C6736,A004,O3,L1865,failed,13.71,2025-04-28T03:55:00,2025-04-28
C4705,A009,O3,L1826,no_answer,7.72,2025-04-28T19:08:00,2025-04-28
C1430,A020,O2,L1623,failed,7.57,2025-04-28T00:59:00,2025-04-28
C5477,A006,O1,L1719,failed,11.99,2025-04-28T11:35:00,2025-04-28
C1100,A012,O3,L1185,connected,9.78,2025-04-28T19:19:00,2025-04-28
C2140,A013,O1,L1145,completed,10.56,2025-04-28T03:07:00,2025-04-28
C4524,A017,O2,L1385,no_answer,11.96,2025-04-28T15:29:00,2025-04-28
C3578,A011,O1,L1378,failed,13.36,2025-04-28T11:04:00,2025-04-28
C2391,A019,O1,L1904,completed,5.14,2025-04-28T05:18:00,2025-04-28
C1815,A006,O1,L1690,completed,5.7,2025-04-28T09:17:00,2025-04-28
C7947,A015,O2,L1497,no_answer,1.5,2025-04-28T14:08:00,2025-04-28
C4531,A009,O3,L1773,completed,8.72,2025-04-28T11:46:00,2025-04-28
C2816,A014,O3,L1290,no_answer,0.64,2025-04-28T17:59:00,2025-04-28
C1744,A010,O3,L1225,no_answer,7.04,2025-04-28T20:27:00,2025-04-28
C1125,A002,O1,L1209,failed,8.19,2025-04-28T07:12:00,2025-04-28
C5186,A005,O3,L1296,failed,4.37,2025-04-28T04:05:00,2025-04-28
C9149,A001,O1,L1764,no_answer,8.9,2025-04-28T05:59:00,2025-04-28
C7229,A005,O3,L1545,connected,0.55,2025-04-28T17:04:00,2025-04-28
C6802,A018,O1,L1073,no_answer,0.66,2025-04-28T01:26:00,2025-04-28
C1307,A014,O3,L1470,completed,12.36,2025-04-28T10:41:00,2025-04-28
C8033,A019,O1,L1587,no_answer,5.47,2025-04-28T21:51:00,2025-04-28
C5743,A014,O3,L1117,no_answer,1.99,2025-04-28T00:42:00,2025-04-28
C3815,A011,O1,L1820,no_answer,7.88,2025-04-28T23:32:00,2025-04-28
C2443,A012,O3,L1447,completed,11.57,2025-04-28T08:18:00,2025-04-28
C7560,A014,O3,L1536,completed,3.32,2025-04-28T13:30:00,2025-04-28
C6562,A010,O3,L1226,failed,9.38,2025-04-28T05:44:00,2025-04-28
C9363,A003,O1,L1648,completed,1.37,2025-04-28T18:06:00,2025-04-28
C4176,A017,O2,L1927,failed,0.87,2025-04-28T11:59:00,2025-04-28
C4871,A005,O3,L1105,connected,8.02,2025-04-28T08:44:00,2025-04-28
C3842,A007,O1,L1616,connected,8.16,2025-04-28T22:22:00,2025-04-28
C3902,A003,O1,L1974,no_answer,9.6,2025-04-28T15:50:00,2025-04-28
C8354,A019,O1,L1697,failed,10.92,2025-04-28T21:24:00,2025-04-28
C3473,A011,O1,L1450,completed,14.64,2025-04-28T16:00:00,2025-04-28
C5961,A015,O2,L1815,failed,7.79,2025-04-28T20:11:00,2025-04-28
C6766,A002,O1,L1519,completed,4.91,2025-04-28T10:35:00,2025-04-28
C8404,A015,O2,L1038,completed,11.95,2025-04-28T12:35:00,2025-04-28
C2257,A010,O3,L1660,completed,4.14,2025-04-28T20:59:00,2025-04-28
C9307,A020,O2,L1393,no_answer,6.64,2025-04-28T19:48:00,2025-04-28
C1672,A018,O1,L1460,connected,1.27,2025-04-28T10:58:00,2025-04-28
C8792,A020,O2,L1513,connected,0.48,2025-04-28T02:06:00,2025-04-28
C2695,A015,O2,L1830,failed,14.44,2025-04-28T02:52:00,2025-04-28
C3827,A017,O2,L1040,connected,12.56,2025-04-28T14:56:00,2025-04-28
C9586,A015,O2,L1535,connected,10.47,2025-04-28T12:25:00,2025-04-28
C5634,A012,O3,L1396,no_answer,6.19,2025-04-28T11:32:00,2025-04-28
C1857,A020,O2,L1808,failed,2.68,2025-04-28T02:14:00,2025-04-28
C2548,A011,O1,L1571,no_answer,2.43,2025-04-28T09:41:00,2025-04-28
C3463,A009,O3,L1341,completed,3.83,2025-04-28T19:53:00,2025-04-28
C6731,A005,O3,L1317,no_answer,8.28,2025-04-28T04:24:00,2025-04-28
C2388,A020,O2,L1317,no_answer,10.75,2025-04-28T21:57:00,2025-04-28
C3093,A011,O1,L1686,completed,9.94,2025-04-28T22:03:00,2025-04-28
C9331,A014,O3,L1370,completed,4.27,2025-04-28T12:22:00,2025-04-28
C3953,A010,O3,L1973,connected,14.33,2025-04-28T11:39:00,2025-04-28
C4145,A016,O1,L1231,connected,11.09,2025-04-28T05:17:00,2025-04-28
C5846,A003,O1,L1864,completed,8.36,2025-04-28T17:19:00,2025-04-28
C9626,A018,O1,L1038,failed,9.21,2025-04-28T21:05:00,2025-04-28
C7172,A005,O3,L1157,connected,6.35,2025-04-28T06:10:00,2025-04-28
C3712,A020,O2,L1738,no_answer,3.79,2025-04-28T01:29:00,2025-04-28
C6968,A014,O3,L1692,connected,5.4,2025-04-28T15:09:00,2025-04-28
C5668,A020,O2,L1770,no_answer,11.39,2025-04-28T07:59:00,2025-04-28
C4918,A018,O1,L1316,no_answer,0.31,2025-04-28T06:37:00,2025-04-28
C8218,A012,O3,L1472,failed,1.83,2025-04-28T13:02:00,2025-04-28
C9641,A017,O2,L1428,connected,0.79,2025-04-28T06:48:00,2025-04-28
C3267,A020,O2,L1893,failed,0.71,2025-04-28T01:46:00,2025-04-28
C7081,A016,O1,L1567,completed,12.85,2025-04-28T17:36:00,2025-04-28
C5670,A004,O3,L1085,connected,10.58,2025-04-28T09:18:00,2025-04-28
C9410,A015,O2,L1150,no_answer,7.17,2025-04-28T03:07:00,2025-04-28
C8391,A008,O1,L1905,failed,1.56,2025-04-28T00:54:00,2025-04-28
C1872,A014,O3,L1405,failed,7.43,2025-04-28T08:02:00,2025-04-28
C2337,A013,O1,L1383,connected,7.15,2025-04-28T00:57:00,2025-04-28
C2623,A011,O1,L1859,failed,2.68,2025-04-28T04:59:00,2025-04-28
C1627,A005,O3,L1293,no_answer,6.56,2025-04-28T23:45:00,2025-04-28
C8685,A005,O3,L1459,completed,6.04,2025-04-28T02:42:00,2025-04-28
C5193,A001,O1,L1220,connected,9.28,2025-04-28T18:43:00,2025-04-28
C9647,A020,O2,L1433,completed,9.56,2025-04-28T09:50:00,2025-04-28
C5934,A008,O1,L1124,completed,0.78,2025-04-28T08:08:00,2025-04-28
C8489,A014,O3,L1064,completed,5.68,2025-04-28T17:03:00,2025-04-28
C9782,A020,O2,L1016,connected,9.43,2025-04-28T04:54:00,2025-04-28
C8032,A010,O3,L1001,failed,7.6,2025-04-28T08:12:00,2025-04-28
C7825,A019,O1,L1191,completed,12.86,2025-04-28T17:52:00,2025-04-28
C2108,A012,O3,L1976,completed,9.91,2025-04-28T13:19:00,2025-04-28
C1713,A016,O1,L1650,no_answer,2.53,2025-04-28T12:44:00,2025-04-28
C1266,A009,O3,L1365,completed,1.15,2025-04-28T11:46:00,2025-04-28
C2698,A008,O1,L1790,failed,9.67,2025-04-28T04:33:00,2025-04-28
C6772,A002,O1,L1559,failed,0.5,2025-04-28T21:56:00,2025-04-28
C8612,A006,O1,L1712,no_answer,8.83,2025-04-28T21:33:00,2025-04-28
C3209,A006,O1,L1064,no_answer,14.11,2025-04-28T01:15:00,2025-04-28
C4302,A010,O3,L1044,connected,8.67,2025-04-28T01:25:00,2025-04-28
C6080,A011,O1,L1527,no_answer,5.88,2025-04-28T18:32:00,2025-04-28
C5150,A016,O1,L1037,connected,9.68,2025-04-28T09:45:00,2025-04-28
C1783,A012,O3,L1886,failed,6.93,2025-04-28T09:19:00,2025-04-28
C7029,A004,O3,L1447,no_answer,8.23,2025-04-28T15:00:00,2025-04-28
C6554,A013,O1,L1997,connected,14.13,2025-04-28T16:56:00,2025-04-28
C7018,A016,O1,L1946,failed,5.85,2025-04-28T02:49:00,2025-04-28
C2293,A014,O3,L1440,connected,14.42,2025-04-28T18:37:00,2025-04-28
C6262,A010,O3,L1105,completed,13.59,2025-04-28T11:11:00,2025-04-28
C6021,A010,O3,L1456,no_answer,3.02,2025-04-28T05:41:00,2025-04-28
C6759,A015,O2,L1457,completed,1.13,2025-04-28T12:02:00,2025-04-28
C8126,A020,O2,L1281,completed,1.6,2025-04-28T02:33:00,2025-04-28
C6952,A013,O1,L1525,connected,0.37,2025-04-28T01:03:00,2025-04-28
C8179,A005,O3,L1035,connected,1.51,2025-04-28T02:17:00,2025-04-28
C7001,A008,O1,L1370,no_answer,10.28,2025-04-28T19:21:00,2025-04-28
C3513,A002,O1,L1695,no_answer,1.16,2025-04-28T12:39:00,2025-04-28
C8273,A012,O3,L1781,completed,4.85,2025-04-28T19:35:00,2025-04-28
C9674,A005,O3,L1375,no_answer,12.69,2025-04-28T10:43:00,2025-04-28
C5089,A009,O3,L1983,completed,0.45,2025-04-28T00:53:00,2025-04-28
C9176,A006,O1,L1530,no_answer,12.24,2025-04-28T19:10:00,2025-04-28
C5288,A004,O3,L1793,failed,4.3,2025-04-28T15:13:00,2025-04-28
C5678,A007,O1,L1710,no_answer,1.86,2025-04-28T06:49:00,2025-04-28
C3223,A004,O3,L1873,completed,10.48,2025-04-28T15:25:00,2025-04-28
C8292,A006,O1,L1089,failed,9.47,2025-04-28T22:47:00,2025-04-28
C2063,A012,O3,L1563,failed,13.17,2025-04-28T10:14:00,2025-04-28
C3852,A006,O1,L1812,failed,11.05,2025-04-28T17:21:00,2025-04-28
C2988,A008,O1,L1205,connected,12.07,2025-04-28T08:04:00,2025-04-28
C1430,A016,O1,L1369,failed,4.3,2025-04-28T15:57:00,2025-04-28
C3126,A018,O1,L1626,completed,2.74,2025-04-28T02:14:00,2025-04-28
C7523,A010,O3,L1734,no_answer,11.28,2025-04-28T17:56:00,2025-04-28
C7708,A014,O3,L1843,completed,12.12,2025-04-28T04:16:00,2025-04-28
C2215,A011,O1,L1460,no_answer,14.86,2025-04-28T23:12:00,2025-04-28
C6644,A017,O2,L1131,connected,6.25,2025-04-28T04:24:00,2025-04-28
C9238,A014,O3,L1932,completed,5.64,2025-04-28T04:14:00,2025-04-28
C3507,A017,O2,L1311,connected,11.67,2025-04-28T05:31:00,2025-04-28
C4694,A011,O1,L1354,failed,5.18,2025-04-28T02:41:00,2025-04-28
C4216,A009,O3,L1650,failed,13.97,2025-04-28T04:16:00,2025-04-28
C9740,A010,O3,L1095,connected,12.89,2025-04-28T20:12:00,2025-04-28
C3526,A019,O1,L1175,failed,6.49,2025-04-28T19:14:00,2025-04-28
C1464,A002,O1,L1083,completed,11.29,2025-04-28T21:53:00,2025-04-28
C5336,A019,O1,L1666,connected,11.34,2025-04-28T19:31:00,2025-04-28
C1496,A014,O3,L1509,failed,1.64,2025-04-28T21:54:00,2025-04-28
C8912,A010,O3,L1250,no_answer,13.55,2025-04-28T10:09:00,2025-04-28
C2195,A015,O2,L1705,completed,7.63,2025-04-28T05:23:00,2025-04-28
C7809,A015,O2,L1495,no_answer,12.41,2025-04-28T06:57:00,2025-04-28
C3353,A011,O1,L1320,failed,4.87,2025-04-28T11:47:00,2025-04-28
C3142,A013,O1,L1778,failed,13.44,2025-04-28T17:34:00,2025-04-28
C2739,A018,O1,L1326,connected,5.9,2025-04-28T15:55:00,2025-04-28
C5382,A004,O3,L1460,connected,0.26,2025-04-28T04:48:00,2025-04-28
C1829,A004,O3,L1297,no_answer,13.59,2025-04-28T21:00:00,2025-04-28
C5067,A014,O3,L1985,connected,1.46,2025-04-28T11:10:00,2025-04-28
C6123,A019,O1,L1194,connected,4.86,2025-04-28T17:00:00,2025-04-28
C8648,A017,O2,L1510,failed,14.26,2025-04-28T16:58:00,2025-04-28
C2475,A001,O1,L1967,no_answer,14.26,2025-04-28T17:15:00,2025-04-28
C4944,A015,O2,L1220,failed,8.64,2025-04-28T01:39:00,2025-04-28
C5609,A002,O1,L1506,no_answer,9.51,2025-04-28T09:45:00,2025-04-28
C1133,A018,O1,L1867,completed,6.78,2025-04-28T14:42:00,2025-04-28
C5333,A005,O3,L1744,failed,4.47,2025-04-28T13:45:00,2025-04-28
C1741,A012,O3,L1410,completed,5.0,2025-04-28T19:27:00,2025-04-28
C4189,A018,O1,L1371,failed,10.12,2025-04-28T02:30:00,2025-04-28
C9261,A013,O1,L1461,failed,11.31,2025-04-28T21:16:00,2025-04-28
C2946,A020,O2,L1131,completed,11.89,2025-04-28T13:26:00,2025-04-28
C6555,A012,O3,L1571,failed,11.87,2025-04-28T04:55:00,2025-04-28
C9341,A007,O1,L1411,completed,1.46,2025-04-28T01:32:00,2025-04-28
C3245,A002,O1,L1730,failed,7.47,2025-04-28T16:10:00,2025-04-28
C8487,A017,O2,L1152,connected,0.96,2025-04-28T11:11:00,2025-04-28
C6218,A020,O2,L1166,no_answer,8.29,2025-04-28T21:02:00,2025-04-28
C6511,A010,O3,L1519,no_answer,6.68,2025-04-28T19:12:00,2025-04-28
C8780,A010,O3,L1835,completed,13.33,2025-04-28T12:34:00,2025-04-28
C2795,A011,O1,L1426,failed,5.33,2025-04-28T23:29:00,2025-04-28
C8775,A001,O1,L1271,connected,1.84,2025-04-28T01:45:00,2025-04-28
C8871,A019,O1,L1174,no_answer,2.23,2025-04-28T05:02:00,2025-04-28
C1517,A008,O1,L1586,completed,11.45,2025-04-28T06:30:00,2025-04-28
C8225,A001,O1,L1321,no_answer,9.31,2025-04-28T05:10:00,2025-04-28
C4340,A014,O3,L1420,no_answer,1.61,2025-04-28T02:07:00,2025-04-28
C9498,A005,O3,L1212,failed,1.35,2025-04-28T22:36:00,2025-04-28
C9609,A016,O1,L1385,failed,10.54,2025-04-28T05:54:00,2025-04-28
C9734,A015,O2,L1350,failed,1.18,2025-04-28T23:04:00,2025-04-28
C8932,A009,O3,L1196,connected,12.35,2025-04-28T09:31:00,2025-04-28
C5890,A018,O1,L1230,failed,10.62,2025-04-28T09:51:00,2025-04-28
C9011,A007,O1,L1324,no_answer,1.31,2025-04-28T11:54:00,2025-04-28
C5480,A018,O1,L1294,completed,1.36,2025-04-28T19:34:00,2025-04-28
C7220,A018,O1,L1917,no_answer,14.8,2025-04-28T11:46:00,2025-04-28
C5758,A005,O3,L1043,failed,5.68,2025-04-28T02:41:00,2025-04-28
C8247,A012,O3,L1671,failed,5.62,2025-04-28T16:21:00,2025-04-28
C4310,A007,O1,L1847,failed,12.21,2025-04-28T19:11:00,2025-04-28
C3249,A009,O3,L1111,connected,14.21,2025-04-28T08:16:00,2025-04-28
C9700,A002,O1,L1231,connected,14.79,2025-04-28T01:47:00,2025-04-28
C7771,A004,O3,L1338,no_answer,11.33,2025-04-28T03:25:00,2025-04-28
C1084,A005,O3,L1987,connected,5.71,2025-04-28T13:53:00,2025-04-28
C8822,A016,O1,L1666,connected,1.34,2025-04-28T09:48:00,2025-04-28
C5676,A011,O1,L1661,completed,11.68,2025-04-28T03:03:00,2025-04-28
C4804,A019,O1,L1547,completed,8.42,2025-04-28T05:58:00,2025-04-28
C3880,A014,O3,L1956,completed,6.42,2025-04-28T13:33:00,2025-04-28
C4052,A016,O1,L1959,failed,13.6,2025-04-28T01:16:00,2025-04-28
C5888,A001,O1,L1581,completed,1.76,2025-04-28T11:26:00,2025-04-28
C8444,A010,O3,L1656,no_answer,7.44,2025-04-28T04:34:00,2025-04-28
C8668,A017,O2,L1279,connected,0.27,2025-04-28T03:50:00,2025-04-28
C3662,A011,O1,L1748,no_answer,7.08,2025-04-28T22:07:00,2025-04-28
C4050,A009,O3,L1014,failed,0.94,2025-04-28T10:04:00,2025-04-28
C4164,A019,O1,L1179,no_answer,1.87,2025-04-28T14:35:00,2025-04-28
C6372,A017,O2,L1088,no_answer,1.85,2025-04-28T22:50:00,2025-04-28
C4027,A004,O3,L1143,no_answer,9.77,2025-04-28T11:02:00,2025-04-28
C1111,A008,O1,L1267,no_answer,11.22,2025-04-28T08:02:00,2025-04-28
C5374,A015,O2,L1976,failed,8.79,2025-04-28T10:18:00,2025-04-28
C1187,A019,O1,L1267,failed,14.44,2025-04-28T23:38:00,2025-04-28
C2017,A008,O1,L1683,completed,5.69,2025-04-28T15:53:00,2025-04-28
C3616,A010,O3,L1415,failed,4.36,2025-04-28T23:33:00,2025-04-28
C5833,A004,O3,L1376,connected,13.04,2025-04-28T07:28:00,2025-04-28
C8834,A005,O3,L1156,no_answer,3.43,2025-04-28T20:40:00,2025-04-28
C7813,A012,O3,L1718,no_answer,14.45,2025-04-28T18:20:00,2025-04-28
C5054,A007,O1,L1696,completed,0.28,2025-04-28T17:56:00,2025-04-28
C9653,A015,O2,L1720,failed,14.55,2025-04-28T02:39:00,2025-04-28
C2838,A019,O1,L1063,connected,0.74,2025-04-28T19:32:00,2025-04-28
C3455,A018,O1,L1168,failed,13.38,2025-04-28T17:45:00,2025-04-28
C2904,A015,O2,L1696,connected,7.96,2025-04-28T19:54:00,2025-04-28
C2489,A016,O1,L1920,no_answer,14.9,2025-04-28T01:53:00,2025-04-28
C3161,A015,O2,L1525,no_answer,1.2,2025-04-28T15:35:00,2025-04-28
C1945,A019,O1,L1572,no_answer,8.35,2025-04-28T22:57:00,2025-04-28
C1356,A010,O3,L1405,failed,14.54,2025-04-28T00:06:00,2025-04-28
C2196,A007,O1,L1046,no_answer,7.89,2025-04-28T11:45:00,2025-04-28
C9866,A003,O1,L1061,completed,9.48,2025-04-28T16:06:00,2025-04-28
C5703,A002,O1,L1418,connected,10.47,2025-04-28T04:37:00,2025-04-28
C7135,A014,O3,L1912,no_answer,6.87,2025-04-28T15:18:00,2025-04-28
C7154,A013,O1,L1082,connected,9.45,2025-04-28T22:18:00,2025-04-28
C2943,A012,O3,L1182,no_answer,8.81,2025-04-28T18:03:00,2025-04-28
C4648,A005,O3,L1854,completed,13.53,2025-04-28T00:46:00,2025-04-28
C8585,A010,O3,L1689,no_answer,0.78,2025-04-28T18:09:00,2025-04-28
C4762,A013,O1,L1253,no_answer,4.29,2025-04-28T11:48:00,2025-04-28
C5516,A005,O3,L1193,completed,14.26,2025-04-28T01:05:00,2025-04-28
C1256,A014,O3,L1246,connected,13.36,2025-04-28T02:17:00,2025-04-28
C1550,A004,O3,L1457,completed,6.89,2025-04-28T08:21:00,2025-04-28
C7590,A002,O1,L1449,connected,9.34,2025-04-28T18:25:00,2025-04-28
C1924,A007,O1,L1143,failed,4.23,2025-04-28T07:59:00,2025-04-28
C6224,A019,O1,L1591,failed,2.9,2025-04-28T08:05:00,2025-04-28
C3347,A010,O3,L1676,connected,7.01,2025-04-28T14:06:00,2025-04-28
C5508,A010,O3,L1062,connected,5.36,2025-04-28T21:22:00,2025-04-28
C9120,A014,O3,L1048,failed,8.8,2025-04-28T21:57:00,2025-04-28
C9592,A013,O1,L1326,no_answer,1.26,2025-04-28T13:56:00,2025-04-28
C5913,A005,O3,L1385,connected,14.62,2025-04-28T18:21:00,2025-04-28
C4948,A016,O1,L1869,connected,14.79,2025-04-28T10:15:00,2025-04-28
